<?xml version="1.0" encoding="UTF-8"?>
<project-private xmlns="http://www.netbeans.org/ns/project-private/1">
    <editor-bookmarks xmlns="http://www.netbeans.org/ns/editor-bookmarks/2" lastBookmarkId="0"/>
    <open-files xmlns="http://www.netbeans.org/ns/projectui-open-files/2">
        <group>
            <file>file:/C:/Users/Ross/MPLABXProjects/EE2361Projects/Lab3.X/display.h</file>
            <file>file:/C:/Users/Ross/MPLABXProjects/EE2361Projects/Lab3.X/numpad.h</file>
            <file>file:/C:/Users/Ross/MPLABXProjects/EE2361Projects/Lab3.X/display.c</file>
            <file>file:/C:/Users/Ross/MPLABXProjects/EE2361Projects/Lab3.X/numpad.c</file>
            <file>file:/C:/Users/Ross/MPLABXProjects/EE2361Projects/Lab3.X/lab3_main_MAYA_C.c</file>
        </group>
    </open-files>
</project-private>
